idx,save_file,split
0,code_15_438277.mat,test
1,code_15_358121.mat,test
2,code_15_1594286.mat,test
3,code_15_975093.mat,test
4,code_15_795649.mat,test
5,code_15_1238362.mat,test
6,code_15_2969044.mat,test
7,code_15_2754228.mat,test
8,code_15_2657522.mat,test
9,code_15_270272.mat,test
