idx,save_file,split,path,sample_size
0,code_15_438277.mat,test,code_15_438277_0.mat,2500
1,code_15_358121.mat,test,code_15_358121_0.mat,2500
2,code_15_1594286.mat,test,code_15_1594286_0.mat,2500
2,code_15_1594286.mat,test,code_15_1594286_1.mat,2500
3,code_15_975093.mat,test,code_15_975093_0.mat,2500
3,code_15_975093.mat,test,code_15_975093_1.mat,2500
4,code_15_795649.mat,test,code_15_795649_0.mat,2500
5,code_15_1238362.mat,test,code_15_1238362_0.mat,2500
6,code_15_2969044.mat,test,code_15_2969044_0.mat,2500
6,code_15_2969044.mat,test,code_15_2969044_1.mat,2500
7,code_15_2754228.mat,test,code_15_2754228_0.mat,2500
8,code_15_2657522.mat,test,code_15_2657522_0.mat,2500
9,code_15_270272.mat,test,code_15_270272_0.mat,2500
9,code_15_270272.mat,test,code_15_270272_1.mat,2500
